<?xml version="1.0" encoding="UTF-8"?>
<!--
~ Copyright (c) 2015, WSO2 Inc. (http://www.wso2.org) All Rights Reserved.
~
~ Licensed under the Apache License, Version 2.0 (the "License");
~ you may not use this file except in compliance with the License.
~ You may obtain a copy of the License at
~
~      http://www.apache.org/licenses/LICENSE-2.0
~
~ Unless required by applicable law or agreed to in writing, software
~ distributed under the License is distributed on an "AS IS" BASIS,
~ WITHOUT WARRANTIES OR CONDITIONS OF ANY KIND, either express or implied.
~ See the License for the specific language governing permissions and
~ limitations under the License.
-->
<component name="historics" type="synapse/template">
    <subComponents>
        <component name="createHistoricsQuery">
            <file>createHistoricsQuery.xml</file>
            <description>Create a new Historics query and return its id.</description>
        </component>
        <component name="getHistoricsQueries">
            <file>getHistoricsQueries.xml</file>
            <description>Retrieve details and status codes for one or more Historics queries for a specified user.</description>
        </component>
        <component name="getHistoricsStatus">
            <file>getHistoricsStatus.xml</file>
            <description>Check data coverage in the archive for a specified interval.</description>
        </component>
        <component name="resumeHistoricsQuery.xml">
            <file>resumeHistoricsQuery.xml</file>
            <description>Resume a paused Historics query.</description>
        </component>
        <component name="startHistoricsQuery.xml">
            <file>startHistoricsQuery.xml</file>
            <description>Start an existing Historics query.</description>
        </component>
        <component name="resumeHistoricsQuery">
            <file>resumeHistoricsQuery.xml</file>
            <description>Resume a paused Historics query.</description>
        </component>
        <component name="stopHistoricsQuery">
            <file>stopHistoricsQuery.xml</file>
            <description>Stop an existing Historics query.</description>
        </component>
        <component name="updateHistoricsQuery">
            <file>updateHistoricsQuery.xml</file>
            <description>Update the name of an existing Historics query.</description>
        </component>
        <component name="deleteHistoricsQuery">
            <file>deleteHistoricsQuery.xml</file>
            <description>Delete one specified Historics query. If the query is currently running, stop it.</description>
        </component>
    </subComponents>
</component>