<?xml version="1.0" encoding="UTF-8"?>
<!--
*  Copyright (c) 2015, WSO2 Inc. (http://www.wso2.org) All Rights Reserved.
*
*  WSO2 Inc. licenses this file to you under the Apache License,
*  Version 2.0 (the "License"); you may not use this file except
*  in compliance with the License.
*  You may obtain a copy of the License at
*
*    http://www.apache.org/licenses/LICENSE-2.0
*
* Unless required by applicable law or agreed to in writing,
* software distributed under the License is distributed on an
* "AS IS" BASIS, WITHOUT WARRANTIES OR CONDITIONS OF ANY
* KIND, either express or implied.  See the License for the
* specific language governing permissions and limitations
* under the License.
-->
<template xmlns="http://ws.apache.org/ns/synapse" name="createHistoricsQuery">
    <parameter name="start" description="UTC timestamp to start the report from."/>
    <parameter name="hash" description="The hash of the filter to preview."/>
    <parameter name="sources" description="Comma-separated list of data sources to include."/>
    <parameter name="name" description="The name of the Historics query."/>
    <parameter name="end" description="UTC timestamp at which to end the report."/>
    <parameter name="sample" description="Percentage of data to be retrieved."/>
    <sequence>
        <property name="uri.var.sample" expression="$func:sample"/>
        <payloadFactory media-type="json">
            <format>
                {
                "start": "$1",
                "hash": "$2",
                "sources": "$3",
                "name": "$4",
                "end": "$5"
                }
            </format>
            <args>
                <arg evaluator="xml" expression="$func:start"/>
                <arg evaluator="xml" expression="$func:hash"/>
                <arg evaluator="xml" expression="$func:sources"/>
                <arg evaluator="xml" expression="$func:name"/>
                <arg evaluator="xml" expression="$func:end"/>
            </args>
        </payloadFactory>
        <script language="js"><![CDATA[
		    //request body param variables
		    var sample = mc.getProperty('uri.var.sample');
		    //Get the existing payload
			var payload = mc.getPayloadJSON();
			if (sample != null && sample != "") {
				payload["sample"]=sample;
			}
			//Set the newly constructed payload
			mc.setPayloadJSON(payload);
        	]]>
        </script>
        <call>
            <endpoint>
                <http method="POST"
                      uri-template="{uri.var.datasift.apiUrl}/{uri.var.datasift.apiVersion}/historics/prepare"/>
            </endpoint>
        </call>
        <!-- Remove response custom header information -->
        <header name="Access-Control-Allow-Headers" scope="transport" action="remove"/>
        <header name="Access-Control-Allow-Origin" scope="transport" action="remove"/>
        <header name="Transfer-Encoding" scope="transport" action="remove"/>
        <header name="P3P" scope="transport" action="remove"/>
        <header name="X-API-Version" scope="transport" action="remove"/>
        <header name="X-Cache-Control" scope="transport" action="remove"/>
        <header name="X-Frame-Options" scope="transport" action="remove"/>
        <header name="X-RateLimit-Remaining" scope="transport" action="remove"/>
        <header name="X-RateLimit-Cost" scope="transport" action="remove"/>
        <header name="X-RateLimit-Limit" scope="transport" action="remove"/>
        <header name="X-RateLimit-Reset" scope="transport" action="remove"/>
        <header name="X-RateLimit-Reset-Ttl" scope="transport" action="remove"/>
        <header name="X-Served-By" scope="transport" action="remove"/>
        <header name="Server" scope="transport" action="remove"/>
    </sequence>
</template>