<?xml version="1.0" encoding="UTF-8"?>
<!--
*  Copyright (c) 2015, WSO2 Inc. (http://www.wso2.org) All Rights Reserved.
*
*  WSO2 Inc. licenses this file to you under the Apache License,
*  Version 2.0 (the "License"); you may not use this file except
*  in compliance with the License.
*  You may obtain a copy of the License at
*
*    http://www.apache.org/licenses/LICENSE-2.0
*
* Unless required by applicable law or agreed to in writing,
* software distributed under the License is distributed on an
* "AS IS" BASIS, WITHOUT WARRANTIES OR CONDITIONS OF ANY
* KIND, either express or implied.  See the License for the
* specific language governing permissions and limitations
* under the License.
-->
<template xmlns="http://ws.apache.org/ns/synapse" name="getHistoricsQueries">
    <parameter name="id" description="The id of a Historics query."/>
    <parameter name="max" description="The maximum number of objects that to be received."/>
    <parameter name="page" description="The page number."/>
    <parameter name="withEstimate" description="Include an estimate of the completion time in the JSON output."/>
    <sequence>
        <property name="uri.var.id" expression="$func:id"/>
        <property name="uri.var.max" expression="$func:max"/>
        <property name="uri.var.page" expression="$func:page"/>
        <property name="uri.var.withEstimate" expression="$func:withEstimate"/>
        <script language="js">
            <![CDATA[
            var id = mc.getProperty('uri.var.id');
            var max = mc.getProperty('uri.var.max');
            var page = mc.getProperty('uri.var.page');
            var withEstimate = mc.getProperty('uri.var.withEstimate');
            var urlQuery = "";
            if (id != null && id != "") {
               urlQuery += "id=" + id+ '&';
            }
            if (max != null && max != "") {
               urlQuery += "max=" + max+ '&';
            }
            if (page != null && page != "") {
               urlQuery += "page=" + page+ '&';
            }
            if (withEstimate != null && withEstimate != "") {
               urlQuery += "with_estimate=" + withEstimate+ '&';
            }
            if (urlQuery != "") {
               urlQuery = '?' + urlQuery.substring(0, urlQuery.length - 1);
               mc.setProperty('uri.var.urlQuery', urlQuery);
            }
         ]]>
        </script>
        <call>
            <endpoint>
                <http method="GET"
                      uri-template="{uri.var.datasift.apiUrl}/{uri.var.datasift.apiVersion}/historics/get{+uri.var.urlQuery}"/>
            </endpoint>
        </call>
        <!-- Remove response custom header information -->
        <header name="Access-Control-Allow-Headers" scope="transport" action="remove" />
        <header name="Access-Control-Allow-Origin" scope="transport" action="remove" />
        <header name="Transfer-Encoding" scope="transport" action="remove" />
        <header name="P3P" scope="transport" action="remove" />
        <header name="X-API-Version" scope="transport" action="remove" />
        <header name="X-Cache-Control" scope="transport" action="remove" />
        <header name="X-Frame-Options" scope="transport" action="remove" />
        <header name="X-RateLimit-Remaining" scope="transport" action="remove" />
        <header name="X-RateLimit-Cost" scope="transport" action="remove" />
        <header name="X-RateLimit-Limit" scope="transport" action="remove" />
        <header name="X-RateLimit-Reset" scope="transport" action="remove" />
        <header name="X-RateLimit-Reset-Ttl" scope="transport" action="remove" />
        <header name="X-Served-By" scope="transport" action="remove" />
        <header name="Server" scope="transport" action="remove" />
    </sequence>
</template>