<?xml version="1.0" encoding="UTF-8"?>
<!--
*  Copyright (c) 2015, WSO2 Inc. (http://www.wso2.org) All Rights Reserved.
*
*  WSO2 Inc. licenses this file to you under the Apache License,
*  Version 2.0 (the "License"); you may not use this file except
*  in compliance with the License.
*  You may obtain a copy of the License at
*
*    http://www.apache.org/licenses/LICENSE-2.0
*
* Unless required by applicable law or agreed to in writing,
* software distributed under the License is distributed on an
* "AS IS" BASIS, WITHOUT WARRANTIES OR CONDITIONS OF ANY
* KIND, either express or implied.  See the License for the
* specific language governing permissions and limitations
* under the License.
-->
<template name="init" xmlns="http://ws.apache.org/ns/synapse">
    <parameter name="username" description="The username of the datasift user."/>
    <parameter name="apiKey" description="The API key of the user."/>
    <parameter name="apiVersion" description="The API version of the datasift."/>
    <parameter name="apiUrl" description="The URL of the datasift API."/>
    <sequence>
        <property name="datasift.username" expression="$func:username"/>
        <property name="datasift.apiKey" expression="$func:apiKey"/>
        <property name="uri.var.datasift.apiUrl" expression="$func:apiUrl" scope="default" type="STRING"/>
        <property name="uri.var.datasift.apiVersion" expression="$func:apiVersion" scope="default" type="STRING"/>
        <header name="Authorization"
                expression="fn:concat(get-property('datasift.username'),':',get-property('datasift.apiKey'))"
                scope="transport"/>
    </sequence>
</template>